<?xml version="1.0" encoding="utf-8" standalone="yes" ?>
<rss version="2.0" xmlns:atom="http://www.w3.org/2005/Atom">
  <channel>
    <title>All About Logos</title>
    <link>http://designgyaan.com/</link>
    <description>Recent content on All About Logos</description>
    <generator>Hugo -- gohugo.io</generator>
    <language>en-us</language>
    <lastBuildDate>Mon, 16 Oct 2017 20:42:42 -0700</lastBuildDate>
    
	<atom:link href="http://designgyaan.com/index.xml" rel="self" type="application/rss+xml" />
    
    
    <item>
      <title>How to make a logo in illustrator</title>
      <link>http://designgyaan.com/post/chapter-2/</link>
      <pubDate>Mon, 16 Oct 2017 20:42:42 -0700</pubDate>
      
      <guid>http://designgyaan.com/post/chapter-2/</guid>
      <description>To make the logo as shown in the picture follow the steps below .
First step : The Plus Sign
1.Open illustrator and open a new document.
2.Select Pen tool(P)
3.Draw a line as shown in the picture.
4.Then draw more lines and follow the steps as shown in the picture.
5.To make a curve with pen tool, press and hold on the other point which is in the picture and move it until you get the desired shape.</description>
    </item>
    
    <item>
      <title>Logotype And Logomark</title>
      <link>http://designgyaan.com/post/chapter-1/</link>
      <pubDate>Thu, 05 Oct 2017 18:11:59 -0700</pubDate>
      
      <guid>http://designgyaan.com/post/chapter-1/</guid>
      <description>Logotype
Logotype or logo is the graphical representation for companies, brand or for your own business. It can be recognized easily and is unique . These days there is a lot of competition among companies and organisations that are trying to make their hold in the market .This is where company&amp;rsquo;s logo comes in role to gain customer&amp;rsquo;s attention. Company&amp;rsquo;s logo must throw a positive image .It should be different and should be professional .</description>
    </item>
    
  </channel>
</rss>